17,SHREYA GancisHETTY,"ONE WASHINGTON SQUARE, SAN JosE, CA, 95110",szs0e7t456,NM,"1070 E 300 8, SALT LAKE CiTy, UT, 84102",203350545,True,1549757336.3311934
18,SHREYA GancisHETTY,"ONE WASHINGTON SQUARE, SAN JosE, CA, 95110",szs0e7t456,NM,"1070 E 300 8, SALT LAKE CiTy, UT, 84102",203350545,True,1549757715.6102676
19,SHREYA GancisHETTY,"ONE WASHINGTON SQUARE, SAN JosE, CA, 95110",szs0e7t456,NM,"1070 E 300 8, SALT LAKE CiTy, UT, 84102",203350545,True,1549757818.1285796
20,SHREYA GancisHETTY,"ONE WASHINGTON SQUARE, SAN JosE, CA, 95110",szs0e7t456,NM,"1070 E 300 8, SALT LAKE CiTy, UT, 84102",203350545,True,1549757901.0935855
21,SHREYA GancisHETTY,"ONE WASHINGTON SQUARE, SAN JosE, CA, 95110",szs0e7t456,NM,"1070 E 300 8, SALT LAKE CiTy, UT, 84102",203350545,True,1549758112.7654057
22,SHREYA GancisHETTY,"ONE WASHINGTON SQUARE, SAN JosE, CA, 95110",szs0e7t456,NM,"1070 E 300 8, SALT LAKE CiTy, UT, 84102",203350545,True,1549758180.4878259
23,SHREYA GancisHETTY,"ONE WASHINGTON SQUARE, SAN JosE, CA, 95110",szs0e7t456,NM,"1070 E 300 8, SALT LAKE CiTy, UT, 84102",203350545,True,1549758484.5503478
24,SHREYA GancisHETTY,"ONE WASHINGTON SQUARE, SAN JosE, CA, 95110",szs0e7t456,NM,"1070 E 300 8, SALT LAKE CiTy, UT, 84102",203350545,True,1549758613.827286
25,SHREYA GancisHETTY,"ONE WASHINGTON SQUARE, SAN JosE, CA, 95110",szs0e7t456,NM,"1070 E 300 8, SALT LAKE CiTy, UT, 84102",203350545,True,1549758634.8954985
26,SHREYA GancisHETTY,"ONE WASHINGTON SQUARE, SAN JosE, CA, 95110",szs0e7t456,NM,"1070 E 300 8, SALT LAKE CiTy, UT, 84102",203350545,True,1549758794.7054477
27,SHREYA GancisHETTY,"ONE WASHINGTON SQUARE, SAN JosE, CA, 95110",szs0e7t456,NM,"1070 E 300 8, SALT LAKE CiTy, UT, 84102",203350545,True,1549758890.7574751
28,SHREYA GancisHETTY,"ONE WASHINGTON SQUARE, SAN JosE, CA, 95110",szs0e7t456,NM,"1070 E 300 8, SALT LAKE CiTy, UT, 84102",203350545,True,1549759026.0144289
29,SHREYA GancisHETTY,"ONE WASHINGTON SQUARE, SAN JosE, CA, 95110",szs0e7t456,NM,"1070 E 300 8, SALT LAKE CiTy, UT, 84102",203350545,True,1549759112.0296657
30,SHREYA GancisHETTY,"ONE WASHINGTON SQUARE, SAN JosE, CA, 95110",szs0e7t456,NM,"1070 E 300 8, SALT LAKE CiTy, UT, 84102",203350545,True,1549759202.6367717
31,SHREYA GancisHETTY,"ONE WASHINGTON SQUARE, SAN JosE, CA, 95110",szs0e7t456,NM,"1070 E 300 8, SALT LAKE CiTy, UT, 84102",203350545,True,1549759257.7699323
32,SHREYA GancisHETTY,"ONE WASHINGTON SQUARE, SAN JosE, CA, 95110",szs0e7t456,NM,"1070 E 300 8, SALT LAKE CiTy, UT, 84102",203350545,True,1549759318.6343813
33,SHREYA GancisHETTY,"ONE WASHINGTON SQUARE, SAN JosE, CA, 95110",szs0e7t456,NM,"1070 E 300 8, SALT LAKE CiTy, UT, 84102",203350545,True,1549759370.831124
34,SHREYA GancisHETTY,"ONE WASHINGTON SQUARE, SAN JosE, CA, 95110",szs0e7t456,NM,"1070 E 300 8, SALT LAKE CiTy, UT, 84102",203350545,True,1549760041.9830265
35,SHREYA GancisHETTY,"ONE WASHINGTON SQUARE, SAN JosE, CA, 95110",szs0e7t456,NM,"1070 E 300 8, SALT LAKE CiTy, UT, 84102",203350545,True,1549760305.4685185
36,SHREYA GancisHETTY,"ONE WASHINGTON SQUARE, SAN JosE, CA, 95110",szs0e7t456,NM,"1070 E 300 8, SALT LAKE CiTy, UT, 84102",203350545,True,1549760506.7717116
37,SHREYA GancisHETTY,"ONE WASHINGTON SQUARE, SAN JosE, CA, 95110",szs0e7t456,NM,"1070 E 300 8, SALT LAKE CiTy, UT, 84102",203350545,True,1549760564.5814383
38,SHREYA GancisHETTY,"ONE WASHINGTON SQUARE, SAN JosE, CA, 95110",szs0e7t456,NM,"1070 E 300 8, SALT LAKE CiTy, UT, 84102",203350545,True,1549760673.2093487
39,SHREYA GancisHETTY,"ONE WASHINGTON SQUARE, SAN JosE, CA, 95110",szs0e7t456,NM,"1070 E 300 8, SALT LAKE CiTy, UT, 84102",203350545,True,1549760769.9456
